{
  "images" : [
    {
      "filename" : "Снимок+экрана+2022-12-20+в+2.08-PhotoRoom-PhotoRoom.png-PhotoRoom.png",
      "idiom" : "universal",
      "scale" : "1x"
    },
    {
      "filename" : "Снимок+экрана+2022-12-20+в+2.08-PhotoRoom-PhotoRoom.png-PhotoRoom 1.png",
      "idiom" : "universal",
      "scale" : "2x"
    },
    {
      "filename" : "Снимок+экрана+2022-12-20+в+2.08-PhotoRoom-PhotoRoom.png-PhotoRoom 2.png",
      "idiom" : "universal",
      "scale" : "3x"
    }
  ],
  "info" : {
    "author" : "xcode",
    "version" : 1
  }
}
